,,,,Relevant Functions,,,,,,,,,,,KD Entry Point,,,,,,,,,,,SMem Handling,,,,,,,,,,
Accelerator,Platform,Threshold,Runs,Total,Flagged,BER,Manual,NER,VRC,Retrieved,TP,Precision,Recall,F1,Total,Flagged,BER,Manual,NER,VRC,Retrieved,TP,Precision,Recall,F1,Total,Flagged,BER,Manual,NER,VRC,Retrieved,TP,Precision,Recall,F1
Google TPU,coral,50,10,159,13,91.76,1,99.37,90.00,12,1,0.0814,1.0000,0.1505,159,14,91.01,8,94.97,90.00,14,2,0.1316,1.0000,0.2324,159,18,88.74,6,96.48,91.50,18,1,0.0560,1.0000,0.1060
Google TPU,coral,52.5,10,159,13,91.76,1,99.37,90.00,12,1,0.0814,1.0000,0.1505,159,14,91.01,8,94.97,90.00,14,2,0.1316,1.0000,0.2324,159,18,88.74,6,96.48,91.50,18,1,0.0563,1.0000,0.1066
Google TPU,coral,55,10,159,13,91.76,1,99.37,90.00,12,1,0.0814,1.0000,0.1505,159,14,91.01,8,94.97,90.00,14,2,0.1316,1.0000,0.2324,159,18,88.74,6,96.48,91.50,18,1,0.0563,1.0000,0.1066
Google TPU,coral,57.5,10,159,13,91.76,1,99.37,90.00,12,1,0.0814,1.0000,0.1505,159,14,91.01,8,94.97,90.00,14,2,0.1316,1.0000,0.2324,159,18,88.74,6,96.48,91.50,18,1,0.0563,1.0000,0.1066
Google TPU,coral,60,10,159,13,91.76,1,99.37,90.00,12,1,0.0814,1.0000,0.1505,159,14,91.01,8,94.97,90.00,14,2,0.1316,1.0000,0.2324,159,18,88.74,6,96.48,91.50,18,1,0.0563,1.0000,0.1066
Google TPU,coral,62.5,10,159,13,91.76,1,99.37,90.00,11,1,0.0894,1.0000,0.1640,159,14,91.01,8,94.97,90.00,12,2,0.1522,1.0000,0.2641,159,18,88.74,6,96.48,91.50,14,1,0.0718,1.0000,0.1339
Google TPU,coral,65,10,159,13,91.76,1,99.37,90.00,11,1,0.0894,1.0000,0.1640,159,14,91.01,8,94.97,90.00,12,2,0.1522,1.0000,0.2641,159,18,88.74,6,96.48,91.50,14,1,0.0718,1.0000,0.1339
Google TPU,coral,67.5,10,159,13,91.76,1,99.37,90.00,11,1,0.0894,1.0000,0.1640,159,14,91.01,8,94.97,90.00,12,2,0.1522,1.0000,0.2641,159,18,88.74,6,96.48,91.50,14,1,0.0718,1.0000,0.1339
Google TPU,coral,70,10,159,13,91.76,1,99.37,90.00,11,1,0.0894,1.0000,0.1640,159,14,91.01,8,94.97,90.00,12,2,0.1522,1.0000,0.2641,159,18,88.74,6,96.48,91.50,14,1,0.0718,1.0000,0.1339
Google TPU,coral,72.5,10,159,13,91.76,1,99.37,90.00,7,1,0.1379,1.0000,0.2417,159,14,91.01,8,94.97,90.00,12,2,0.1533,1.0000,0.2657,159,18,88.74,6,96.48,91.50,10,1,0.0984,1.0000,0.1791
Google TPU,coral,75,10,159,13,91.76,1,99.37,90.00,7,1,0.1379,1.0000,0.2417,159,14,91.01,8,94.97,90.00,12,2,0.1533,1.0000,0.2657,159,18,88.74,6,96.48,91.50,10,1,0.0984,1.0000,0.1791
Google TPU,coral,77.5,10,159,13,91.76,1,99.37,90.00,7,1,0.1379,1.0000,0.2417,159,14,91.01,8,94.97,90.00,12,2,0.1533,1.0000,0.2657,159,18,88.74,6,96.48,91.50,10,1,0.0984,1.0000,0.1791
Google TPU,coral,80,10,159,13,91.76,1,99.37,90.00,7,1,0.1379,1.0000,0.2417,159,14,91.01,8,94.97,90.00,12,2,0.1533,1.0000,0.2657,159,18,88.74,6,96.48,91.50,10,1,0.0984,1.0000,0.1791
Google TPU,coral,82.5,10,159,13,91.76,1,99.37,90.00,1,1,1.0000,1.0000,1.0000,159,14,91.01,8,94.97,90.00,8,2,0.2211,1.0000,0.3618,159,18,88.74,6,96.48,91.50,8,1,0.1165,0.9000,0.2061
Google TPU,coral,85,10,159,13,91.76,1,99.37,90.00,1,1,1.0000,1.0000,1.0000,159,14,91.01,8,94.97,90.00,8,2,0.2211,1.0000,0.3618,159,18,88.74,6,96.48,91.50,8,1,0.1165,0.9000,0.2061
Google TPU,coral,87.5,10,159,13,91.76,1,99.37,90.00,1,1,1.0000,1.0000,1.0000,159,14,91.01,8,94.97,90.00,8,2,0.2211,1.0000,0.3618,159,18,88.74,6,96.48,91.50,6,1,0.1376,0.8000,0.2345
Google TPU,coral,90,10,159,13,91.76,1,99.37,90.00,1,1,1.0000,1.0000,1.0000,159,14,91.01,8,94.97,90.00,8,2,0.2211,1.0000,0.3618,159,18,88.74,6,96.48,91.50,6,1,0.1376,0.8000,0.2345
Google TPU,coral,92.5,10,159,13,91.76,1,99.37,90.00,0,0,0.0000,0.0000,0.0000,159,14,91.01,8,94.97,90.00,6,0,0.0000,0.0000,0.0000,159,18,88.74,6,96.48,91.50,5,0,0.0500,0.3000,0.0857
Google TPU,coral,95,10,159,13,91.76,1,99.37,90.00,0,0,0.0000,0.0000,0.0000,159,14,91.01,8,94.97,90.00,6,0,0.0000,0.0000,0.0000,159,18,88.74,6,96.48,91.50,5,0,0.0500,0.3000,0.0857
Google TPU,coral,97.5,10,159,13,91.76,1,99.37,90.00,0,0,0.0000,0.0000,0.0000,159,14,91.01,8,94.97,90.00,6,0,0.0000,0.0000,0.0000,159,18,88.74,6,96.48,91.50,5,0,0.0500,0.3000,0.0857
Google TPU,coral,100,10,159,13,91.76,1,99.37,90.00,0,0,0.0000,0.0000,0.0000,159,14,91.01,8,94.97,90.00,6,0,0.0000,0.0000,0.0000,159,18,88.74,6,96.48,91.50,5,0,0.0500,0.3000,0.0857
NXP NPU,nxp,50,10,1273,13,98.96,4,99.70,84.75,13,4,0.2657,1.0000,0.4197,1273,9,99.30,7,99.47,65.50,9,2,0.2347,1.0000,0.3796,1273,17,98.69,10,99.25,80.00,16,2,0.1232,1.0000,0.2192
NXP NPU,nxp,52.5,10,1273,13,98.96,4,99.70,84.75,13,4,0.2657,1.0000,0.4197,1273,9,99.30,7,99.47,65.50,9,2,0.2369,1.0000,0.3826,1273,17,98.69,10,99.25,80.00,16,2,0.1077,0.8500,0.1911
NXP NPU,nxp,55,10,1273,13,98.96,4,99.70,84.75,13,4,0.2657,1.0000,0.4197,1273,9,99.30,7,99.47,65.50,9,2,0.2369,1.0000,0.3826,1273,17,98.69,10,99.25,80.00,16,2,0.1077,0.8500,0.1911
NXP NPU,nxp,57.5,10,1273,13,98.96,4,99.70,84.75,13,4,0.2657,1.0000,0.4197,1273,9,99.30,7,99.47,65.50,9,2,0.2369,1.0000,0.3826,1273,17,98.69,10,99.25,80.00,16,2,0.1077,0.8500,0.1911
NXP NPU,nxp,60,10,1273,13,98.96,4,99.70,84.75,13,4,0.2657,1.0000,0.4197,1273,9,99.30,7,99.47,65.50,9,2,0.2369,1.0000,0.3826,1273,17,98.69,10,99.25,80.00,16,2,0.1077,0.8500,0.1911
NXP NPU,nxp,62.5,10,1273,13,98.96,4,99.70,84.75,13,4,0.2710,1.0000,0.4262,1273,9,99.30,7,99.47,65.50,4,1,0.2150,0.4500,0.2904,1273,17,98.69,10,99.25,80.00,14,2,0.1238,0.8500,0.2158
NXP NPU,nxp,65,10,1273,13,98.96,4,99.70,84.75,13,4,0.2710,1.0000,0.4262,1273,9,99.30,7,99.47,65.50,4,1,0.2150,0.4500,0.2904,1273,17,98.69,10,99.25,80.00,14,2,0.1238,0.8500,0.2158
NXP NPU,nxp,67.5,10,1273,13,98.96,4,99.70,84.75,13,4,0.2710,1.0000,0.4262,1273,9,99.30,7,99.47,65.50,4,1,0.2150,0.4500,0.2904,1273,17,98.69,10,99.25,80.00,14,2,0.1238,0.8500,0.2158
NXP NPU,nxp,70,10,1273,13,98.96,4,99.70,84.75,13,4,0.2710,1.0000,0.4262,1273,9,99.30,7,99.47,65.50,4,1,0.2150,0.4500,0.2904,1273,17,98.69,10,99.25,80.00,14,2,0.1238,0.8500,0.2158
NXP NPU,nxp,72.5,10,1273,13,98.96,4,99.70,84.75,8,4,0.3988,1.0000,0.5694,1273,9,99.30,7,99.47,65.50,3,0,0.0583,0.1000,0.0733,1273,17,98.69,10,99.25,80.00,11,2,0.1644,0.8500,0.2750
NXP NPU,nxp,75,10,1273,13,98.96,4,99.70,84.75,8,4,0.3988,1.0000,0.5694,1273,9,99.30,7,99.47,65.50,3,0,0.0583,0.1000,0.0733,1273,17,98.69,10,99.25,80.00,11,2,0.1644,0.8500,0.2750
NXP NPU,nxp,77.5,10,1273,13,98.96,4,99.70,84.75,8,4,0.3988,1.0000,0.5694,1273,9,99.30,7,99.47,65.50,3,0,0.0583,0.1000,0.0733,1273,17,98.69,10,99.25,80.00,11,2,0.1644,0.8500,0.2750
NXP NPU,nxp,80,10,1273,13,98.96,4,99.70,84.75,8,4,0.3988,1.0000,0.5694,1273,9,99.30,7,99.47,65.50,3,0,0.0583,0.1000,0.0733,1273,17,98.69,10,99.25,80.00,11,2,0.1644,0.8500,0.2750
NXP NPU,nxp,82.5,10,1273,13,98.96,4,99.70,84.75,2,2,0.7334,0.5000,0.5905,1273,9,99.30,7,99.47,65.50,1,0,0.0000,0.0000,0.0000,1273,17,98.69,10,99.25,80.00,5,1,0.1693,0.4500,0.2448
NXP NPU,nxp,85,10,1273,13,98.96,4,99.70,84.75,2,2,0.7334,0.5000,0.5905,1273,9,99.30,7,99.47,65.50,1,0,0.0000,0.0000,0.0000,1273,17,98.69,10,99.25,80.00,5,1,0.1693,0.4500,0.2448
NXP NPU,nxp,87.5,10,1273,13,98.96,4,99.70,84.75,1,2,0.8000,0.4500,0.5714,1273,9,99.30,7,99.47,65.50,1,0,0.0000,0.0000,0.0000,1273,17,98.69,10,99.25,80.00,4,1,0.2450,0.4500,0.3102
NXP NPU,nxp,90,10,1273,13,98.96,4,99.70,84.75,1,2,0.8000,0.4500,0.5714,1273,9,99.30,7,99.47,65.50,1,0,0.0000,0.0000,0.0000,1273,17,98.69,10,99.25,80.00,4,1,0.2450,0.4500,0.3102
NXP NPU,nxp,92.5,10,1273,13,98.96,4,99.70,84.75,0,0,0.0000,0.0000,0.0000,1273,9,99.30,7,99.47,65.50,0,0,0.0000,0.0000,0.0000,1273,17,98.69,10,99.25,80.00,0,0,0.0000,0.0000,0.0000
NXP NPU,nxp,95,10,1273,13,98.96,4,99.70,84.75,0,0,0.0000,0.0000,0.0000,1273,9,99.30,7,99.47,65.50,0,0,0.0000,0.0000,0.0000,1273,17,98.69,10,99.25,80.00,0,0,0.0000,0.0000,0.0000
NXP NPU,nxp,97.5,10,1273,13,98.96,4,99.70,84.75,0,0,0.0000,0.0000,0.0000,1273,9,99.30,7,99.47,65.50,0,0,0.0000,0.0000,0.0000,1273,17,98.69,10,99.25,80.00,0,0,0.0000,0.0000,0.0000
NXP NPU,nxp,100,10,1273,13,98.96,4,99.70,84.75,0,0,0.0000,0.0000,0.0000,1273,9,99.30,7,99.47,65.50,0,0,0.0000,0.0000,0.0000,1273,17,98.69,10,99.25,80.00,0,0,0.0000,0.0000,0.0000
TMMA,ti,50,10,6138,8,99.87,5,99.91,79.50,8,2,0.2477,0.9500,0.3902,6138,9,99.85,6,99.91,91.50,9,2,0.2311,1.0000,0.3751,6138,17,99.73,4,99.94,99.00,17,2,0.1215,1.0000,0.2166
TMMA,ti,52.5,10,6138,8,99.87,5,99.91,79.50,8,2,0.2477,0.9500,0.3902,6138,9,99.85,6,99.91,91.50,9,2,0.2311,1.0000,0.3751,6138,17,99.73,4,99.94,99.00,17,2,0.1215,1.0000,0.2166
TMMA,ti,55,10,6138,8,99.87,5,99.91,79.50,8,2,0.2477,0.9500,0.3902,6138,9,99.85,6,99.91,91.50,9,2,0.2311,1.0000,0.3751,6138,17,99.73,4,99.94,99.00,17,2,0.1215,1.0000,0.2166
TMMA,ti,57.5,10,6138,8,99.87,5,99.91,79.50,8,2,0.2477,0.9500,0.3902,6138,9,99.85,6,99.91,91.50,9,2,0.2311,1.0000,0.3751,6138,17,99.73,4,99.94,99.00,17,2,0.1215,1.0000,0.2166
TMMA,ti,60,10,6138,8,99.87,5,99.91,79.50,8,2,0.2477,0.9500,0.3902,6138,9,99.85,6,99.91,91.50,9,2,0.2311,1.0000,0.3751,6138,17,99.73,4,99.94,99.00,17,2,0.1215,1.0000,0.2166
TMMA,ti,62.5,10,6138,8,99.87,5,99.91,79.50,7,2,0.2955,0.9500,0.4487,6138,9,99.85,6,99.91,91.50,7,2,0.2714,1.0000,0.4266,6138,17,99.73,4,99.94,99.00,15,2,0.1385,1.0000,0.2432
TMMA,ti,65,10,6138,8,99.87,5,99.91,79.50,7,2,0.2955,0.9500,0.4487,6138,9,99.85,6,99.91,91.50,7,2,0.2714,1.0000,0.4266,6138,17,99.73,4,99.94,99.00,15,2,0.1385,1.0000,0.2432
TMMA,ti,67.5,10,6138,8,99.87,5,99.91,79.50,7,2,0.2955,0.9500,0.4487,6138,9,99.85,6,99.91,91.50,7,2,0.2714,1.0000,0.4266,6138,17,99.73,4,99.94,99.00,15,2,0.1385,1.0000,0.2432
TMMA,ti,70,10,6138,8,99.87,5,99.91,79.50,7,2,0.2955,0.9500,0.4487,6138,9,99.85,6,99.91,91.50,7,2,0.2714,1.0000,0.4266,6138,17,99.73,4,99.94,99.00,15,2,0.1385,1.0000,0.2432
TMMA,ti,72.5,10,6138,8,99.87,5,99.91,79.50,3,1,0.3500,0.5500,0.4267,6138,9,99.85,6,99.91,91.50,6,2,0.3143,1.0000,0.4778,6138,17,99.73,4,99.94,99.00,12,2,0.1705,1.0000,0.2911
TMMA,ti,75,10,6138,8,99.87,5,99.91,79.50,3,1,0.3500,0.5500,0.4267,6138,9,99.85,6,99.91,91.50,6,2,0.3143,1.0000,0.4778,6138,17,99.73,4,99.94,99.00,12,2,0.1705,1.0000,0.2911
TMMA,ti,77.5,10,6138,8,99.87,5,99.91,79.50,3,1,0.3500,0.5500,0.4267,6138,9,99.85,6,99.91,91.50,6,2,0.3143,1.0000,0.4778,6138,17,99.73,4,99.94,99.00,12,2,0.1705,1.0000,0.2911
TMMA,ti,80,10,6138,8,99.87,5,99.91,79.50,3,1,0.3500,0.5500,0.4267,6138,9,99.85,6,99.91,91.50,6,2,0.3143,1.0000,0.4778,6138,17,99.73,4,99.94,99.00,12,2,0.1705,1.0000,0.2911
TMMA,ti,82.5,10,6138,8,99.87,5,99.91,79.50,1,1,0.6000,0.3000,0.4000,6138,9,99.85,6,99.91,91.50,5,1,0.2400,0.6000,0.3417,6138,17,99.73,4,99.94,99.00,6,2,0.3519,0.9500,0.5111
TMMA,ti,85,10,6138,8,99.87,5,99.91,79.50,1,1,0.6000,0.3000,0.4000,6138,9,99.85,6,99.91,91.50,5,1,0.2400,0.6000,0.3417,6138,17,99.73,4,99.94,99.00,6,2,0.3519,0.9500,0.5111
TMMA,ti,87.5,10,6138,8,99.87,5,99.91,79.50,1,1,0.6000,0.3000,0.4000,6138,9,99.85,6,99.91,91.50,5,1,0.2400,0.6000,0.3417,6138,17,99.73,4,99.94,99.00,5,2,0.3769,0.9500,0.5373
TMMA,ti,90,10,6138,8,99.87,5,99.91,79.50,1,1,0.6000,0.3000,0.4000,6138,9,99.85,6,99.91,91.50,5,1,0.2400,0.6000,0.3417,6138,17,99.73,4,99.94,99.00,5,2,0.3769,0.9500,0.5373
TMMA,ti,92.5,10,6138,8,99.87,5,99.91,79.50,0,0,0.0000,0.0000,0.0000,6138,9,99.85,6,99.91,91.50,4,1,0.3083,0.5500,0.3933,6138,17,99.73,4,99.94,99.00,3,2,0.7067,0.9500,0.7938
TMMA,ti,95,10,6138,8,99.87,5,99.91,79.50,0,0,0.0000,0.0000,0.0000,6138,9,99.85,6,99.91,91.50,4,1,0.3083,0.5500,0.3933,6138,17,99.73,4,99.94,99.00,3,2,0.7067,0.9500,0.7938
TMMA,ti,97.5,10,6138,8,99.87,5,99.91,79.50,0,0,0.0000,0.0000,0.0000,6138,9,99.85,6,99.91,91.50,4,1,0.3083,0.5500,0.3933,6138,17,99.73,4,99.94,99.00,3,2,0.7067,0.9500,0.7938
TMMA,ti,100,10,6138,8,99.87,5,99.91,79.50,0,0,0.0000,0.0000,0.0000,6138,9,99.85,6,99.91,91.50,4,1,0.3083,0.5500,0.3933,6138,17,99.73,4,99.94,99.00,3,2,0.7067,0.9500,0.7938
HAILO NPU,hailo,50,10,296,8,97.33,3,99.02,85.00,8,2,0.2718,1.0000,0.4260,296,19,93.48,13,95.57,94.50,19,2,0.1037,1.0000,0.1879,296,22,92.50,9,96.93,94.00,22,1,0.0454,1.0000,0.0868
HAILO NPU,hailo,52.5,10,296,8,97.33,3,99.02,85.00,8,2,0.2718,1.0000,0.4260,296,19,93.48,13,95.57,94.50,19,2,0.1037,1.0000,0.1879,296,22,92.50,9,96.93,94.00,22,1,0.0454,1.0000,0.0868
HAILO NPU,hailo,55,10,296,8,97.33,3,99.02,85.00,8,2,0.2718,1.0000,0.4260,296,19,93.48,13,95.57,94.50,19,2,0.1037,1.0000,0.1879,296,22,92.50,9,96.93,94.00,22,1,0.0454,1.0000,0.0868
HAILO NPU,hailo,57.5,10,296,8,97.33,3,99.02,85.00,8,2,0.2718,1.0000,0.4260,296,19,93.48,13,95.57,94.50,19,2,0.1037,1.0000,0.1879,296,22,92.50,9,96.93,94.00,22,1,0.0454,1.0000,0.0868
HAILO NPU,hailo,60,10,296,8,97.33,3,99.02,85.00,8,2,0.2718,1.0000,0.4260,296,19,93.48,13,95.57,94.50,19,2,0.1037,1.0000,0.1879,296,22,92.50,9,96.93,94.00,22,1,0.0454,1.0000,0.0868
HAILO NPU,hailo,62.5,10,296,8,97.33,3,99.02,85.00,7,2,0.2746,1.0000,0.4297,296,19,93.48,13,95.57,94.50,19,2,0.1048,1.0000,0.1896,296,22,92.50,9,96.93,94.00,22,1,0.0466,1.0000,0.0890
HAILO NPU,hailo,65,10,296,8,97.33,3,99.02,85.00,7,2,0.2746,1.0000,0.4297,296,19,93.48,13,95.57,94.50,19,2,0.1048,1.0000,0.1896,296,22,92.50,9,96.93,94.00,22,1,0.0466,1.0000,0.0890
HAILO NPU,hailo,67.5,10,296,8,97.33,3,99.02,85.00,7,2,0.2746,1.0000,0.4297,296,19,93.48,13,95.57,94.50,19,2,0.1048,1.0000,0.1896,296,22,92.50,9,96.93,94.00,22,1,0.0466,1.0000,0.0890
HAILO NPU,hailo,70,10,296,8,97.33,3,99.02,85.00,7,2,0.2746,1.0000,0.4297,296,19,93.48,13,95.57,94.50,19,2,0.1048,1.0000,0.1896,296,22,92.50,9,96.93,94.00,22,1,0.0466,1.0000,0.0890
HAILO NPU,hailo,72.5,10,296,8,97.33,3,99.02,85.00,5,2,0.3933,1.0000,0.5643,296,19,93.48,13,95.57,94.50,19,2,0.1048,1.0000,0.1896,296,22,92.50,9,96.93,94.00,20,1,0.0513,1.0000,0.0976
HAILO NPU,hailo,75,10,296,8,97.33,3,99.02,85.00,5,2,0.3933,1.0000,0.5643,296,19,93.48,13,95.57,94.50,19,2,0.1048,1.0000,0.1896,296,22,92.50,9,96.93,94.00,20,1,0.0513,1.0000,0.0976
HAILO NPU,hailo,77.5,10,296,8,97.33,3,99.02,85.00,5,2,0.3933,1.0000,0.5643,296,19,93.48,13,95.57,94.50,19,2,0.1048,1.0000,0.1896,296,22,92.50,9,96.93,94.00,20,1,0.0513,1.0000,0.0976
HAILO NPU,hailo,80,10,296,8,97.33,3,99.02,85.00,5,2,0.3933,1.0000,0.5643,296,19,93.48,13,95.57,94.50,19,2,0.1048,1.0000,0.1896,296,22,92.50,9,96.93,94.00,20,1,0.0513,1.0000,0.0976
HAILO NPU,hailo,82.5,10,296,8,97.33,3,99.02,85.00,2,1,0.5833,0.5000,0.5233,296,19,93.48,13,95.57,94.50,17,2,0.1199,1.0000,0.2141,296,22,92.50,9,96.93,94.00,17,1,0.0416,0.7000,0.0785
HAILO NPU,hailo,85,10,296,8,97.33,3,99.02,85.00,2,1,0.5833,0.5000,0.5233,296,19,93.48,13,95.57,94.50,17,2,0.1199,1.0000,0.2141,296,22,92.50,9,96.93,94.00,17,1,0.0416,0.7000,0.0785
HAILO NPU,hailo,87.5,10,296,8,97.33,3,99.02,85.00,1,1,0.8000,0.5000,0.6000,296,19,93.48,13,95.57,94.50,17,2,0.1199,1.0000,0.2141,296,22,92.50,9,96.93,94.00,14,1,0.0478,0.7000,0.0894
HAILO NPU,hailo,90,10,296,8,97.33,3,99.02,85.00,1,1,0.8000,0.5000,0.6000,296,19,93.48,13,95.57,94.50,17,2,0.1199,1.0000,0.2141,296,22,92.50,9,96.93,94.00,14,1,0.0478,0.7000,0.0894
HAILO NPU,hailo,92.5,10,296,8,97.33,3,99.02,85.00,0,0,0.0000,0.0000,0.0000,296,19,93.48,13,95.57,94.50,13,1,0.0685,0.4500,0.1189,296,22,92.50,9,96.93,94.00,12,1,0.0589,0.7000,0.1086
HAILO NPU,hailo,95,10,296,8,97.33,3,99.02,85.00,0,0,0.0000,0.0000,0.0000,296,19,93.48,13,95.57,94.50,13,1,0.0685,0.4500,0.1189,296,22,92.50,9,96.93,94.00,12,1,0.0589,0.7000,0.1086
HAILO NPU,hailo,97.5,10,296,8,97.33,3,99.02,85.00,0,0,0.0000,0.0000,0.0000,296,19,93.48,13,95.57,94.50,13,1,0.0685,0.4500,0.1189,296,22,92.50,9,96.93,94.00,11,1,0.0618,0.7000,0.1135
HAILO NPU,hailo,100,10,296,8,97.33,3,99.02,85.00,0,0,0.0000,0.0000,0.0000,296,19,93.48,13,95.57,94.50,13,1,0.0685,0.4500,0.1189,296,22,92.50,9,96.93,94.00,11,1,0.0618,0.7000,0.1135
NVIDIA GPU,nvidia,50,10,7624,29,99.62,14,99.82,81.00,28,2,0.0729,1.0000,0.1359,7624,40,99.48,19,99.75,90.00,39,3,0.0744,1.0000,0.1385,7624,44,99.42,29,99.62,89.83,43,3,0.0694,1.0000,0.1297
NVIDIA GPU,nvidia,52.5,10,7624,29,99.62,14,99.82,81.00,28,2,0.0729,1.0000,0.1359,7624,40,99.48,19,99.75,90.00,39,3,0.0744,1.0000,0.1385,7624,44,99.42,29,99.62,89.83,43,3,0.0697,1.0000,0.1303
NVIDIA GPU,nvidia,55,10,7624,29,99.62,14,99.82,81.00,28,2,0.0729,1.0000,0.1359,7624,40,99.48,19,99.75,90.00,39,3,0.0744,1.0000,0.1385,7624,44,99.42,29,99.62,89.83,43,3,0.0697,1.0000,0.1303
NVIDIA GPU,nvidia,57.5,10,7624,29,99.62,14,99.82,81.00,28,2,0.0729,1.0000,0.1359,7624,40,99.48,19,99.75,90.00,39,3,0.0744,1.0000,0.1385,7624,44,99.42,29,99.62,89.83,43,3,0.0697,1.0000,0.1303
NVIDIA GPU,nvidia,60,10,7624,29,99.62,14,99.82,81.00,28,2,0.0729,1.0000,0.1359,7624,40,99.48,19,99.75,90.00,39,3,0.0744,1.0000,0.1385,7624,44,99.42,29,99.62,89.83,43,3,0.0697,1.0000,0.1303
NVIDIA GPU,nvidia,62.5,10,7624,29,99.62,14,99.82,81.00,27,2,0.0756,1.0000,0.1405,7624,40,99.48,19,99.75,90.00,36,3,0.0806,1.0000,0.1491,7624,44,99.42,29,99.62,89.83,38,3,0.0797,1.0000,0.1476
NVIDIA GPU,nvidia,65,10,7624,29,99.62,14,99.82,81.00,27,2,0.0756,1.0000,0.1405,7624,40,99.48,19,99.75,90.00,36,3,0.0806,1.0000,0.1491,7624,44,99.42,29,99.62,89.83,38,3,0.0797,1.0000,0.1476
NVIDIA GPU,nvidia,67.5,10,7624,29,99.62,14,99.82,81.00,27,2,0.0756,1.0000,0.1405,7624,40,99.48,19,99.75,90.00,36,3,0.0806,1.0000,0.1491,7624,44,99.42,29,99.62,89.83,38,3,0.0797,1.0000,0.1476
NVIDIA GPU,nvidia,70,10,7624,29,99.62,14,99.82,81.00,27,2,0.0756,1.0000,0.1405,7624,40,99.48,19,99.75,90.00,36,3,0.0806,1.0000,0.1491,7624,44,99.42,29,99.62,89.83,38,3,0.0797,1.0000,0.1476
NVIDIA GPU,nvidia,72.5,10,7624,29,99.62,14,99.82,81.00,15,2,0.1369,1.0000,0.2405,7624,40,99.48,19,99.75,90.00,34,3,0.0851,1.0000,0.1569,7624,44,99.42,29,99.62,89.83,34,3,0.0882,1.0000,0.1621
NVIDIA GPU,nvidia,75,10,7624,29,99.62,14,99.82,81.00,15,2,0.1369,1.0000,0.2405,7624,40,99.48,19,99.75,90.00,34,3,0.0851,1.0000,0.1569,7624,44,99.42,29,99.62,89.83,34,3,0.0882,1.0000,0.1621
NVIDIA GPU,nvidia,77.5,10,7624,29,99.62,14,99.82,81.00,15,2,0.1369,1.0000,0.2405,7624,40,99.48,19,99.75,90.00,34,3,0.0851,1.0000,0.1569,7624,44,99.42,29,99.62,89.83,34,3,0.0882,1.0000,0.1621
NVIDIA GPU,nvidia,80,10,7624,29,99.62,14,99.82,81.00,15,2,0.1369,1.0000,0.2405,7624,40,99.48,19,99.75,90.00,34,3,0.0851,1.0000,0.1569,7624,44,99.42,29,99.62,89.83,34,3,0.0882,1.0000,0.1621
NVIDIA GPU,nvidia,82.5,10,7624,29,99.62,14,99.82,81.00,2,0,0.0667,0.1000,0.0800,7624,40,99.48,19,99.75,90.00,26,3,0.1116,1.0000,0.2007,7624,44,99.42,29,99.62,89.83,27,3,0.1022,0.9333,0.1841
NVIDIA GPU,nvidia,85,10,7624,29,99.62,14,99.82,81.00,2,0,0.0667,0.1000,0.0800,7624,40,99.48,19,99.75,90.00,26,3,0.1116,1.0000,0.2007,7624,44,99.42,29,99.62,89.83,27,3,0.1022,0.9333,0.1841
NVIDIA GPU,nvidia,87.5,10,7624,29,99.62,14,99.82,81.00,2,0,0.0833,0.1000,0.0900,7624,40,99.48,19,99.75,90.00,26,3,0.1116,1.0000,0.2007,7624,44,99.42,29,99.62,89.83,20,1,0.0544,0.3666,0.0947
NVIDIA GPU,nvidia,90,10,7624,29,99.62,14,99.82,81.00,2,0,0.0833,0.1000,0.0900,7624,40,99.48,19,99.75,90.00,26,3,0.1116,1.0000,0.2007,7624,44,99.42,29,99.62,89.83,20,1,0.0544,0.3666,0.0947
NVIDIA GPU,nvidia,92.5,10,7624,29,99.62,14,99.82,81.00,0,0,0.0000,0.0000,0.0000,7624,40,99.48,19,99.75,90.00,16,0,0.0000,0.0000,0.0000,7624,44,99.42,29,99.62,89.83,14,1,0.0718,0.3333,0.1177
NVIDIA GPU,nvidia,95,10,7624,29,99.62,14,99.82,81.00,0,0,0.0000,0.0000,0.0000,7624,40,99.48,19,99.75,90.00,16,0,0.0000,0.0000,0.0000,7624,44,99.42,29,99.62,89.83,14,1,0.0718,0.3333,0.1177
NVIDIA GPU,nvidia,97.5,10,7624,29,99.62,14,99.82,81.00,0,0,0.0000,0.0000,0.0000,7624,40,99.48,19,99.75,90.00,16,0,0.0000,0.0000,0.0000,7624,44,99.42,29,99.62,89.83,14,1,0.0718,0.3333,0.1177
NVIDIA GPU,nvidia,100,10,7624,29,99.62,14,99.82,81.00,0,0,0.0000,0.0000,0.0000,7624,40,99.48,19,99.75,90.00,16,0,0.0000,0.0000,0.0000,7624,44,99.42,29,99.62,89.83,14,1,0.0718,0.3333,0.1177
AWS INF,aws,50,10,635,8,98.76,6,99.12,73.50,8,3,0.3673,0.9667,0.5319,635,12,98.05,8,98.80,90.00,12,3,0.2090,1.0000,0.3455,635,18,97.18,14,97.80,83.66,18,3,0.1679,1.0000,0.2874
AWS INF,aws,52.5,10,635,8,98.76,6,99.12,73.50,8,3,0.3673,0.9667,0.5319,635,12,98.05,8,98.80,90.00,12,3,0.2090,1.0000,0.3455,635,18,97.18,14,97.80,83.66,18,3,0.1679,1.0000,0.2874
AWS INF,aws,55,10,635,8,98.76,6,99.12,73.50,8,3,0.3673,0.9667,0.5319,635,12,98.05,8,98.80,90.00,12,3,0.2090,1.0000,0.3455,635,18,97.18,14,97.80,83.66,18,3,0.1679,1.0000,0.2874
AWS INF,aws,57.5,10,635,8,98.76,6,99.12,73.50,8,3,0.3673,0.9667,0.5319,635,12,98.05,8,98.80,90.00,12,3,0.2090,1.0000,0.3455,635,18,97.18,14,97.80,83.66,18,3,0.1679,1.0000,0.2874
AWS INF,aws,60,10,635,8,98.76,6,99.12,73.50,8,3,0.3673,0.9667,0.5319,635,12,98.05,8,98.80,90.00,12,3,0.2090,1.0000,0.3455,635,18,97.18,14,97.80,83.66,18,3,0.1679,1.0000,0.2874
AWS INF,aws,62.5,10,635,8,98.76,6,99.12,73.50,8,3,0.3887,0.9667,0.5536,635,12,98.05,8,98.80,90.00,11,3,0.2261,1.0000,0.3687,635,18,97.18,14,97.80,83.66,17,3,0.1726,1.0000,0.2943
AWS INF,aws,65,10,635,8,98.76,6,99.12,73.50,8,3,0.3887,0.9667,0.5536,635,12,98.05,8,98.80,90.00,11,3,0.2261,1.0000,0.3687,635,18,97.18,14,97.80,83.66,17,3,0.1726,1.0000,0.2943
AWS INF,aws,67.5,10,635,8,98.76,6,99.12,73.50,8,3,0.3887,0.9667,0.5536,635,12,98.05,8,98.80,90.00,11,3,0.2261,1.0000,0.3687,635,18,97.18,14,97.80,83.66,17,3,0.1726,1.0000,0.2943
AWS INF,aws,70,10,635,8,98.76,6,99.12,73.50,8,3,0.3887,0.9667,0.5536,635,12,98.05,8,98.80,90.00,11,3,0.2261,1.0000,0.3687,635,18,97.18,14,97.80,83.66,17,3,0.1726,1.0000,0.2943
AWS INF,aws,72.5,10,635,8,98.76,6,99.12,73.50,2,1,0.5500,0.3333,0.3871,635,12,98.05,8,98.80,90.00,11,3,0.2261,1.0000,0.3687,635,18,97.18,14,97.80,83.66,17,3,0.1820,1.0000,0.3079
AWS INF,aws,75,10,635,8,98.76,6,99.12,73.50,2,1,0.5500,0.3333,0.3871,635,12,98.05,8,98.80,90.00,11,3,0.2261,1.0000,0.3687,635,18,97.18,14,97.80,83.66,17,3,0.1820,1.0000,0.3079
AWS INF,aws,77.5,10,635,8,98.76,6,99.12,73.50,2,1,0.5500,0.3333,0.3871,635,12,98.05,8,98.80,90.00,11,3,0.2261,1.0000,0.3687,635,18,97.18,14,97.80,83.66,17,3,0.1820,1.0000,0.3079
AWS INF,aws,80,10,635,8,98.76,6,99.12,73.50,2,1,0.5500,0.3333,0.3871,635,12,98.05,8,98.80,90.00,11,3,0.2261,1.0000,0.3687,635,18,97.18,14,97.80,83.66,17,3,0.1820,1.0000,0.3079
AWS INF,aws,82.5,10,635,8,98.76,6,99.12,73.50,0,0,0.0000,0.0000,0.0000,635,12,98.05,8,98.80,90.00,9,3,0.2870,1.0000,0.4449,635,18,97.18,14,97.80,83.66,12,1,0.1170,0.4667,0.1866
AWS INF,aws,85,10,635,8,98.76,6,99.12,73.50,0,0,0.0000,0.0000,0.0000,635,12,98.05,8,98.80,90.00,9,3,0.2870,1.0000,0.4449,635,18,97.18,14,97.80,83.66,12,1,0.1170,0.4667,0.1866
AWS INF,aws,87.5,10,635,8,98.76,6,99.12,73.50,0,0,0.0000,0.0000,0.0000,635,12,98.05,8,98.80,90.00,9,3,0.2870,1.0000,0.4449,635,18,97.18,14,97.80,83.66,10,1,0.0564,0.2000,0.0879
AWS INF,aws,90,10,635,8,98.76,6,99.12,73.50,0,0,0.0000,0.0000,0.0000,635,12,98.05,8,98.80,90.00,9,3,0.2870,1.0000,0.4449,635,18,97.18,14,97.80,83.66,10,1,0.0564,0.2000,0.0879
AWS INF,aws,92.5,10,635,8,98.76,6,99.12,73.50,0,0,0.0000,0.0000,0.0000,635,12,98.05,8,98.80,90.00,4,0,0.0000,0.0000,0.0000,635,18,97.18,14,97.80,83.66,7,0,0.0125,0.0333,0.0182
AWS INF,aws,95,10,635,8,98.76,6,99.12,73.50,0,0,0.0000,0.0000,0.0000,635,12,98.05,8,98.80,90.00,4,0,0.0000,0.0000,0.0000,635,18,97.18,14,97.80,83.66,7,0,0.0125,0.0333,0.0182
AWS INF,aws,97.5,10,635,8,98.76,6,99.12,73.50,0,0,0.0000,0.0000,0.0000,635,12,98.05,8,98.80,90.00,4,0,0.0000,0.0000,0.0000,635,18,97.18,14,97.80,83.66,7,0,0.0125,0.0333,0.0182
AWS INF,aws,100,10,635,8,98.76,6,99.12,73.50,0,0,0.0000,0.0000,0.0000,635,12,98.05,8,98.80,90.00,4,0,0.0000,0.0000,0.0000,635,18,97.18,14,97.80,83.66,7,0,0.0125,0.0333,0.0182
